[
  {
    "id": "c82677e3-95d7-4286-8ffd-e2184dfd2552",
    "data": [
      {
        "text": "More items",
        "userDefined": false
      }
    ],
    "isTemplate": false,
    "count": 0,
    "lang": "en",
    "updated": 0
  },
  {
    "id": "0404f4ab-f732-41d0-9f2d-202ac2014947",
    "data": [
      {
        "text": "ok",
        "userDefined": false
      }
    ],
    "isTemplate": false,
    "count": 0,
    "lang": "en",
    "updated": 0
  },
  {
    "id": "bf890dae-06d3-4b84-8921-b6892e20f861",
    "data": [
      {
        "text": "yes",
        "userDefined": false
      }
    ],
    "isTemplate": false,
    "count": 0,
    "lang": "en",
    "updated": 0
  }
]