[
  {
    "id": "49664815-9774-4a9a-a890-2b80f874558b",
    "data": [
      {
        "text": "drinks",
        "userDefined": false
      }
    ],
    "isTemplate": false,
    "count": 0,
    "lang": "en",
    "updated": 0
  },
  {
    "id": "dfc69d6d-529e-4bec-a20f-59befc3f8747",
    "data": [
      {
        "text": "deserts",
        "userDefined": false
      }
    ],
    "isTemplate": false,
    "count": 0,
    "lang": "en",
    "updated": 0
  },
  {
    "id": "e58abf87-ac0f-4971-9678-a4ca330721b0",
    "data": [
      {
        "text": "deserts and soft drinks",
        "userDefined": false
      }
    ],
    "isTemplate": false,
    "count": 0,
    "lang": "en",
    "updated": 0
  }
]