[
  {
    "id": "31cbb0af-411d-4114-aa19-b917ff9939d9",
    "data": [
      {
        "text": "meals",
        "meta": "@sys.any",
        "alias": "any",
        "userDefined": true
      }
    ],
    "isTemplate": false,
    "count": 0,
    "lang": "en",
    "updated": 0
  },
  {
    "id": "8ca434f1-4757-407c-9d77-fc9a19acec3d",
    "data": [
      {
        "text": "Deserts and soft drinks",
        "meta": "@sys.any",
        "alias": "any",
        "userDefined": true
      }
    ],
    "isTemplate": false,
    "count": 0,
    "lang": "en",
    "updated": 0
  },
  {
    "id": "e64018d4-5775-409f-8801-2be598b6b45c",
    "data": [
      {
        "text": "Pav Bhaji",
        "meta": "@sys.any",
        "alias": "any",
        "userDefined": true
      }
    ],
    "isTemplate": false,
    "count": 0,
    "lang": "en",
    "updated": 0
  }
]